-- phpMyAdmin SQL Dump
-- version 5.0.2
-- https://www.phpmyadmin.net/
--
-- Host: 127.0.0.1
-- Generation Time: May 01, 2021 at 04:16 PM
-- Server version: 10.4.13-MariaDB
-- PHP Version: 7.4.8

SET SQL_MODE = "NO_AUTO_VALUE_ON_ZERO";
START TRANSACTION;
SET time_zone = "+00:00";


/*!40101 SET @OLD_CHARACTER_SET_CLIENT=@@CHARACTER_SET_CLIENT */;
/*!40101 SET @OLD_CHARACTER_SET_RESULTS=@@CHARACTER_SET_RESULTS */;
/*!40101 SET @OLD_COLLATION_CONNECTION=@@COLLATION_CONNECTION */;
/*!40101 SET NAMES utf8mb4 */;

--
-- Database: `meghraj_bakers`
--

-- --------------------------------------------------------

--
-- Table structure for table `admin`
--

CREATE TABLE `admin` (
  `id` int(11) NOT NULL,
  `Name` varchar(10) NOT NULL,
  `mobile_number` varchar(20) NOT NULL,
  `Password` varchar(10) NOT NULL,
  `Date` datetime NOT NULL DEFAULT current_timestamp(),
  `modified_date` datetime NOT NULL DEFAULT current_timestamp() ON UPDATE current_timestamp()
) ENGINE=InnoDB DEFAULT CHARSET=latin1;

--
-- Dumping data for table `admin`
--

INSERT INTO `admin` (`id`, `Name`, `mobile_number`, `Password`, `Date`, `modified_date`) VALUES
(1, 'Admin', 'admin@gmail.com', 'admin', '2020-04-06 14:35:00', '2021-03-09 10:33:55'),
(40, '', '', '', '2021-04-13 15:29:55', '2021-04-13 15:29:55'),
(41, '', '', '', '2021-04-13 15:29:56', '2021-04-13 15:29:56'),
(42, '', '', '', '2021-04-13 15:29:56', '2021-04-13 15:29:56'),
(43, '', '', '', '2021-04-13 15:29:56', '2021-04-13 15:29:56'),
(44, '', '', '', '2021-04-13 15:29:57', '2021-04-13 15:29:57'),
(45, '', '', '', '2021-04-13 15:29:57', '2021-04-13 15:29:57'),
(46, '', '', '', '2021-04-13 15:29:58', '2021-04-13 15:29:58'),
(47, '', '', '', '2021-04-13 15:29:58', '2021-04-13 15:29:58'),
(48, '', '', '', '2021-04-13 15:29:59', '2021-04-13 15:29:59'),
(49, '', '', '', '2021-04-13 15:29:59', '2021-04-13 15:29:59'),
(50, '', '', '', '2021-04-13 15:30:00', '2021-04-13 15:30:00'),
(51, '', '', '', '2021-04-13 15:30:01', '2021-04-13 15:30:01'),
(52, '', '', '', '2021-04-13 15:30:01', '2021-04-13 15:30:01'),
(53, '', '', '', '2021-04-13 15:30:01', '2021-04-13 15:30:01'),
(54, '', '', '', '2021-04-13 15:30:02', '2021-04-13 15:30:02'),
(55, '', '', '', '2021-04-13 15:30:02', '2021-04-13 15:30:02'),
(56, '', '', '', '2021-04-13 15:30:03', '2021-04-13 15:30:03'),
(57, '', '', '', '2021-04-13 15:30:03', '2021-04-13 15:30:03'),
(58, '', '', '', '2021-04-13 15:30:03', '2021-04-13 15:30:03'),
(59, '', '', '', '2021-04-13 15:30:05', '2021-04-13 15:30:05'),
(60, '', '', '', '2021-04-13 15:30:06', '2021-04-13 15:30:06'),
(61, '', '', '', '2021-04-13 15:30:06', '2021-04-13 15:30:06'),
(62, '', '', '', '2021-04-13 15:30:06', '2021-04-13 15:30:06'),
(63, '', '', '', '2021-04-13 15:30:07', '2021-04-13 15:30:07'),
(64, '', '', '', '2021-04-13 15:30:07', '2021-04-13 15:30:07'),
(65, '', '', '', '2021-04-13 15:30:08', '2021-04-13 15:30:08'),
(66, '', '', '', '2021-04-13 15:30:08', '2021-04-13 15:30:08'),
(67, '', '', '', '2021-04-13 15:30:09', '2021-04-13 15:30:09'),
(68, '', '', '', '2021-04-13 15:30:09', '2021-04-13 15:30:09'),
(69, '', '', '', '2021-04-13 15:30:10', '2021-04-13 15:30:10'),
(70, '', '', '', '2021-04-13 15:30:11', '2021-04-13 15:30:11'),
(71, '', '', '', '2021-04-13 15:30:11', '2021-04-13 15:30:11'),
(72, '', '', '', '2021-04-13 15:30:12', '2021-04-13 15:30:12'),
(73, '', '', '', '2021-04-13 15:30:13', '2021-04-13 15:30:13'),
(74, '', '', '', '2021-04-13 15:30:13', '2021-04-13 15:30:13'),
(75, '', '', '', '2021-04-13 15:30:14', '2021-04-13 15:30:14'),
(76, '', '', '', '2021-04-13 15:30:14', '2021-04-13 15:30:14'),
(77, '', '', '', '2021-04-13 15:30:15', '2021-04-13 15:30:15'),
(78, '', '', '', '2021-04-13 15:30:16', '2021-04-13 15:30:16'),
(79, '', '', '', '2021-04-13 15:30:17', '2021-04-13 15:30:17'),
(80, '', '', '', '2021-04-13 15:30:19', '2021-04-13 15:30:19'),
(81, '', '', '', '2021-04-13 15:30:20', '2021-04-13 15:30:20'),
(82, '', '', '', '2021-04-13 15:30:20', '2021-04-13 15:30:20'),
(83, '', '', '', '2021-04-13 15:30:20', '2021-04-13 15:30:20'),
(84, '', '', '', '2021-04-13 15:30:21', '2021-04-13 15:30:21'),
(85, '', '', '', '2021-04-13 15:30:21', '2021-04-13 15:30:21'),
(86, '', '', '', '2021-04-13 15:30:21', '2021-04-13 15:30:21'),
(87, '', '', '', '2021-04-13 15:30:22', '2021-04-13 15:30:22'),
(88, '', '', '', '2021-04-13 15:30:22', '2021-04-13 15:30:22'),
(89, '', '', '', '2021-04-13 15:30:23', '2021-04-13 15:30:23'),
(90, '', '', '', '2021-04-13 15:30:23', '2021-04-13 15:30:23'),
(91, '', '', '', '2021-04-13 15:30:24', '2021-04-13 15:30:24'),
(92, '', '', '', '2021-04-13 15:30:24', '2021-04-13 15:30:24'),
(93, '', '', '', '2021-04-13 15:30:25', '2021-04-13 15:30:25'),
(94, '', '', '', '2021-04-13 15:30:25', '2021-04-13 15:30:25'),
(95, '', '', '', '2021-04-13 15:30:25', '2021-04-13 15:30:25'),
(96, '', '', '', '2021-04-13 15:30:25', '2021-04-13 15:30:25'),
(97, '', '', '', '2021-04-13 15:30:26', '2021-04-13 15:30:26'),
(98, '', '', '', '2021-04-13 15:30:26', '2021-04-13 15:30:26'),
(99, '', '', '', '2021-04-13 15:30:26', '2021-04-13 15:30:26'),
(100, '', '', '', '2021-04-13 15:30:27', '2021-04-13 15:30:27'),
(101, '', '', '', '2021-04-13 15:30:27', '2021-04-13 15:30:27'),
(102, '', '', '', '2021-04-13 15:30:28', '2021-04-13 15:30:28'),
(103, '', '', '', '2021-04-13 15:30:28', '2021-04-13 15:30:28'),
(104, '', '', '', '2021-04-13 15:30:29', '2021-04-13 15:30:29'),
(105, '', '', '', '2021-04-13 15:30:29', '2021-04-13 15:30:29'),
(106, '', '', '', '2021-04-13 15:30:30', '2021-04-13 15:30:30'),
(107, '', '', '', '2021-04-13 15:30:30', '2021-04-13 15:30:30'),
(108, '', '', '', '2021-04-13 15:30:31', '2021-04-13 15:30:31'),
(109, '', '', '', '2021-04-13 15:30:31', '2021-04-13 15:30:31'),
(110, '', '', '', '2021-04-13 15:30:31', '2021-04-13 15:30:31'),
(111, '', '', '', '2021-04-13 15:30:32', '2021-04-13 15:30:32'),
(112, '', '', '', '2021-04-13 15:30:32', '2021-04-13 15:30:32'),
(113, '', '', '', '2021-04-13 15:30:33', '2021-04-13 15:30:33'),
(114, '', '', '', '2021-04-13 15:30:33', '2021-04-13 15:30:33'),
(115, '', '', '', '2021-04-13 15:30:33', '2021-04-13 15:30:33'),
(116, '', '', '', '2021-04-13 15:30:34', '2021-04-13 15:30:34'),
(117, '', '', '', '2021-04-13 15:30:34', '2021-04-13 15:30:34'),
(118, '', '', '', '2021-04-13 15:30:35', '2021-04-13 15:30:35'),
(119, '', '', '', '2021-04-13 15:30:35', '2021-04-13 15:30:35'),
(120, '', '', '', '2021-04-13 15:30:36', '2021-04-13 15:30:36'),
(121, '', '', '', '2021-04-13 15:30:36', '2021-04-13 15:30:36'),
(122, '', '', '', '2021-04-13 15:30:36', '2021-04-13 15:30:36'),
(123, '', '', '', '2021-04-13 15:30:37', '2021-04-13 15:30:37'),
(124, '', '', '', '2021-04-13 15:30:37', '2021-04-13 15:30:37'),
(125, '', '', '', '2021-04-13 15:30:37', '2021-04-13 15:30:37'),
(126, '', '', '', '2021-04-13 15:30:38', '2021-04-13 15:30:38'),
(127, '', '', '', '2021-04-13 15:30:39', '2021-04-13 15:30:39'),
(128, '', '', '', '2021-04-13 15:30:40', '2021-04-13 15:30:40'),
(129, '', '', '', '2021-04-13 15:30:41', '2021-04-13 15:30:41'),
(130, '', '', '', '2021-04-13 15:30:42', '2021-04-13 15:30:42'),
(131, '', '', '', '2021-04-13 15:30:42', '2021-04-13 15:30:42'),
(132, '', '', '', '2021-04-13 15:30:42', '2021-04-13 15:30:42'),
(133, '', '', '', '2021-04-13 15:30:43', '2021-04-13 15:30:43'),
(134, '', '', '', '2021-04-13 15:30:43', '2021-04-13 15:30:43'),
(135, '', '', '', '2021-04-13 15:30:43', '2021-04-13 15:30:43'),
(136, '', '', '', '2021-04-13 15:30:44', '2021-04-13 15:30:44'),
(137, '', '', '', '2021-04-13 15:30:44', '2021-04-13 15:30:44'),
(138, '', '', '', '2021-04-13 15:30:47', '2021-04-13 15:30:47'),
(139, '', '', '', '2021-04-13 15:30:47', '2021-04-13 15:30:47'),
(140, '', '', '', '2021-04-13 15:30:48', '2021-04-13 15:30:48'),
(141, '', '', '', '2021-04-13 15:30:48', '2021-04-13 15:30:48'),
(142, '', '', '', '2021-04-13 15:30:49', '2021-04-13 15:30:49'),
(143, '', '', '', '2021-04-13 15:30:49', '2021-04-13 15:30:49'),
(144, '', '', '', '2021-04-13 15:30:49', '2021-04-13 15:30:49'),
(145, '', '', '', '2021-04-13 15:31:01', '2021-04-13 15:31:01'),
(146, '', '', '', '2021-04-13 15:31:02', '2021-04-13 15:31:02'),
(147, '', '', '', '2021-04-13 15:31:02', '2021-04-13 15:31:02'),
(148, '', '', '', '2021-04-13 15:31:02', '2021-04-13 15:31:02'),
(149, '', '', '', '2021-04-13 15:31:03', '2021-04-13 15:31:03'),
(150, '', '', '', '2021-04-13 15:31:03', '2021-04-13 15:31:03'),
(151, '', '', '', '2021-04-13 15:31:04', '2021-04-13 15:31:04'),
(152, '', '', '', '2021-04-13 15:31:04', '2021-04-13 15:31:04'),
(153, '', '', '', '2021-04-13 15:31:05', '2021-04-13 15:31:05'),
(154, '', '', '', '2021-04-13 15:31:05', '2021-04-13 15:31:05'),
(155, '', '', '', '2021-04-13 15:31:06', '2021-04-13 15:31:06'),
(156, '', '', '', '2021-04-13 15:31:06', '2021-04-13 15:31:06'),
(157, '', '', '', '2021-04-13 15:31:07', '2021-04-13 15:31:07'),
(158, '', '', '', '2021-04-13 15:31:07', '2021-04-13 15:31:07'),
(159, '', '', '', '2021-04-13 15:31:08', '2021-04-13 15:31:08'),
(160, '', '', '', '2021-04-13 15:31:09', '2021-04-13 15:31:09'),
(161, '', '', '', '2021-04-13 15:31:09', '2021-04-13 15:31:09'),
(162, '', '', '', '2021-04-13 15:31:10', '2021-04-13 15:31:10'),
(163, '', '', '', '2021-04-13 15:31:10', '2021-04-13 15:31:10'),
(164, '', '', '', '2021-04-13 15:31:10', '2021-04-13 15:31:10'),
(165, '', '', '', '2021-04-13 15:31:11', '2021-04-13 15:31:11'),
(166, '', '', '', '2021-04-13 15:31:11', '2021-04-13 15:31:11'),
(167, '', '', '', '2021-04-13 15:31:12', '2021-04-13 15:31:12'),
(168, '', '', '', '2021-04-13 15:31:13', '2021-04-13 15:31:13'),
(169, '', '', '', '2021-04-13 15:31:13', '2021-04-13 15:31:13'),
(170, '', '', '', '2021-04-13 15:31:14', '2021-04-13 15:31:14'),
(171, '', '', '', '2021-04-13 15:31:14', '2021-04-13 15:31:14'),
(172, '', '', '', '2021-04-13 15:31:14', '2021-04-13 15:31:14'),
(173, '', '', '', '2021-04-13 15:31:15', '2021-04-13 15:31:15'),
(174, '', '', '', '2021-04-13 15:31:15', '2021-04-13 15:31:15'),
(175, '', '', '', '2021-04-13 15:31:16', '2021-04-13 15:31:16'),
(176, '', '', '', '2021-04-13 15:31:16', '2021-04-13 15:31:16'),
(177, '', '', '', '2021-04-13 15:31:17', '2021-04-13 15:31:17'),
(178, '', '', '', '2021-04-13 15:31:17', '2021-04-13 15:31:17'),
(179, '', '', '', '2021-04-13 15:31:18', '2021-04-13 15:31:18'),
(180, '', '', '', '2021-04-13 15:31:18', '2021-04-13 15:31:18'),
(181, '', '', '', '2021-04-13 15:31:18', '2021-04-13 15:31:18'),
(182, '', '', '', '2021-04-13 15:31:19', '2021-04-13 15:31:19'),
(183, '', '', '', '2021-04-13 15:31:19', '2021-04-13 15:31:19'),
(184, '', '', '', '2021-04-13 15:31:20', '2021-04-13 15:31:20'),
(185, '', '', '', '2021-04-13 15:31:20', '2021-04-13 15:31:20'),
(186, '', '', '', '2021-04-13 15:31:21', '2021-04-13 15:31:21'),
(187, '', '', '', '2021-04-13 15:31:21', '2021-04-13 15:31:21'),
(188, '', '', '', '2021-04-13 15:31:22', '2021-04-13 15:31:22'),
(189, '', '', '', '2021-04-13 15:31:22', '2021-04-13 15:31:22'),
(190, '', '', '', '2021-04-13 15:31:23', '2021-04-13 15:31:23'),
(191, '', '', '', '2021-04-13 15:31:23', '2021-04-13 15:31:23'),
(192, '', '', '', '2021-04-13 15:31:24', '2021-04-13 15:31:24'),
(193, '', '', '', '2021-04-13 15:31:25', '2021-04-13 15:31:25'),
(194, '', '', '', '2021-04-13 15:31:25', '2021-04-13 15:31:25'),
(195, '', '', '', '2021-04-13 15:31:25', '2021-04-13 15:31:25'),
(196, '', '', '', '2021-04-13 15:31:26', '2021-04-13 15:31:26'),
(197, '', '', '', '2021-04-13 15:31:26', '2021-04-13 15:31:26'),
(198, '', '', '', '2021-04-13 15:31:27', '2021-04-13 15:31:27'),
(199, '', '', '', '2021-04-13 15:31:27', '2021-04-13 15:31:27'),
(200, '', '', '', '2021-04-13 15:31:28', '2021-04-13 15:31:28'),
(201, '', '', '', '2021-04-13 15:31:29', '2021-04-13 15:31:29'),
(202, '', '', '', '2021-04-13 15:31:29', '2021-04-13 15:31:29'),
(203, '', '', '', '2021-04-13 15:31:30', '2021-04-13 15:31:30'),
(204, '', '', '', '2021-04-13 15:31:30', '2021-04-13 15:31:30'),
(205, '', '', '', '2021-04-13 15:31:31', '2021-04-13 15:31:31'),
(206, '', '', '', '2021-04-13 15:31:31', '2021-04-13 15:31:31'),
(207, '', '', '', '2021-04-13 15:31:32', '2021-04-13 15:31:32'),
(208, '', '', '', '2021-04-13 15:31:32', '2021-04-13 15:31:32'),
(209, '', '', '', '2021-04-13 15:31:32', '2021-04-13 15:31:32'),
(210, '', '', '', '2021-04-13 15:31:33', '2021-04-13 15:31:33'),
(211, '', '', '', '2021-04-13 15:31:34', '2021-04-13 15:31:34'),
(212, '', '', '', '2021-04-13 15:31:35', '2021-04-13 15:31:35'),
(213, '', '', '', '2021-04-13 15:31:35', '2021-04-13 15:31:35'),
(214, '', '', '', '2021-04-13 15:31:36', '2021-04-13 15:31:36'),
(215, '', '', '', '2021-04-13 15:31:37', '2021-04-13 15:31:37'),
(216, '', '', '', '2021-04-13 15:31:37', '2021-04-13 15:31:37'),
(217, '', '', '', '2021-04-13 15:31:38', '2021-04-13 15:31:38'),
(218, '', '', '', '2021-04-13 15:31:39', '2021-04-13 15:31:39'),
(219, '', '', '', '2021-04-13 15:31:39', '2021-04-13 15:31:39'),
(220, '', '', '', '2021-04-13 15:31:40', '2021-04-13 15:31:40'),
(221, '', '', '', '2021-04-13 15:31:40', '2021-04-13 15:31:40'),
(222, '', '', '', '2021-04-13 15:31:41', '2021-04-13 15:31:41'),
(223, '', '', '', '2021-04-13 15:31:42', '2021-04-13 15:31:42'),
(224, '', '', '', '2021-04-13 15:31:42', '2021-04-13 15:31:42'),
(225, '', '', '', '2021-04-13 15:31:43', '2021-04-13 15:31:43'),
(226, '', '', '', '2021-04-13 15:31:43', '2021-04-13 15:31:43'),
(227, '', '', '', '2021-04-13 15:31:44', '2021-04-13 15:31:44'),
(228, '', '', '', '2021-04-13 15:31:45', '2021-04-13 15:31:45'),
(229, '', '', '', '2021-04-13 15:31:45', '2021-04-13 15:31:45'),
(230, '', '', '', '2021-04-13 15:31:46', '2021-04-13 15:31:46'),
(231, '', '', '', '2021-04-13 15:31:46', '2021-04-13 15:31:46'),
(232, '', '', '', '2021-04-13 15:31:47', '2021-04-13 15:31:47'),
(233, '', '', '', '2021-04-13 15:31:47', '2021-04-13 15:31:47'),
(234, '', '', '', '2021-04-13 15:31:48', '2021-04-13 15:31:48'),
(235, '', '', '', '2021-04-13 15:31:48', '2021-04-13 15:31:48'),
(236, '', '', '', '2021-04-13 15:31:49', '2021-04-13 15:31:49'),
(237, '', '', '', '2021-04-13 15:31:49', '2021-04-13 15:31:49');

-- --------------------------------------------------------

--
-- Table structure for table `tbl_attendance`
--

CREATE TABLE `tbl_attendance` (
  `id` int(100) NOT NULL,
  `empID` varchar(100) NOT NULL,
  `att_status` varchar(100) NOT NULL,
  `attdate` date NOT NULL
) ENGINE=InnoDB DEFAULT CHARSET=utf8mb4;

--
-- Dumping data for table `tbl_attendance`
--

INSERT INTO `tbl_attendance` (`id`, `empID`, `att_status`, `attdate`) VALUES
(1, '34', 'present', '2021-04-30'),
(2, '33', 'present', '2021-04-30'),
(3, '32', 'present', '2021-04-30'),
(4, '31', 'present', '2021-04-30'),
(5, '30', 'absent', '2021-04-30'),
(6, '29', 'absent', '2021-04-30'),
(37, '34', 'absent', '2021-05-01'),
(38, '33', 'absent', '2021-05-01'),
(39, '32', 'present', '2021-05-01'),
(40, '31', 'present', '2021-05-01'),
(41, '30', 'present', '2021-05-01'),
(42, '29', 'present', '2021-05-01');

-- --------------------------------------------------------

--
-- Table structure for table `tbl_category`
--

CREATE TABLE `tbl_category` (
  `fld_category_id` int(11) NOT NULL,
  `fld_category_name` varchar(50) NOT NULL,
  `fld_category_delete` int(11) NOT NULL,
  `fld_category_created_date` datetime NOT NULL DEFAULT current_timestamp(),
  `fld_category_modified_date` datetime NOT NULL DEFAULT current_timestamp() ON UPDATE current_timestamp()
) ENGINE=InnoDB DEFAULT CHARSET=latin1;

--
-- Dumping data for table `tbl_category`
--

INSERT INTO `tbl_category` (`fld_category_id`, `fld_category_name`, `fld_category_delete`, `fld_category_created_date`, `fld_category_modified_date`) VALUES
(11, 'Test', 1, '2021-03-08 17:08:44', '2021-03-09 10:15:27'),
(14, 'Vishal', 1, '2021-04-06 17:48:28', '2021-04-07 12:21:58'),
(15, 'Cakes', 0, '2021-04-06 17:50:09', '2021-04-06 17:50:09'),
(16, 'Pestry', 0, '2021-04-06 17:51:17', '2021-04-06 17:51:17'),
(17, 'Toast', 1, '2021-04-07 12:23:47', '2021-04-07 14:41:34'),
(18, 'Vishal', 0, '2021-04-07 14:41:58', '2021-04-07 14:41:58'),
(19, 'Vishu', 1, '2021-04-07 14:42:08', '2021-04-07 14:42:30'),
(20, 'Sad', 0, '2021-04-07 15:10:03', '2021-04-07 15:10:03'),
(21, 'Ice Cream', 0, '2021-04-08 14:26:55', '2021-04-08 14:26:55'),
(22, 'Bislery', 0, '2021-04-13 15:14:58', '2021-04-13 15:14:58');

-- --------------------------------------------------------

--
-- Table structure for table `tbl_employee`
--

CREATE TABLE `tbl_employee` (
  `fld_employee_id` int(11) NOT NULL,
  `fld_employee_name` varchar(50) NOT NULL,
  `fld_address` varchar(250) NOT NULL,
  `fld_mobile` varchar(255) NOT NULL,
  `fld_aadhar_number` varchar(255) NOT NULL,
  `fld_per_day` varchar(250) NOT NULL,
  `fld_category_delete` int(11) NOT NULL,
  `fld_category_created_date` datetime NOT NULL DEFAULT current_timestamp(),
  `fld_category_modified_date` datetime NOT NULL DEFAULT current_timestamp() ON UPDATE current_timestamp()
) ENGINE=InnoDB DEFAULT CHARSET=latin1;

--
-- Dumping data for table `tbl_employee`
--

INSERT INTO `tbl_employee` (`fld_employee_id`, `fld_employee_name`, `fld_address`, `fld_mobile`, `fld_aadhar_number`, `fld_per_day`, `fld_category_delete`, `fld_category_created_date`, `fld_category_modified_date`) VALUES
(1, 'vishal tuplomdhe', 'nashik', '7756098607', '888842251212', '250', 1, '2021-01-12 18:27:32', '2021-04-06 14:53:44'),
(24, 'Vishal Tuplondhe', 'Nashik Maharashtra India', '930 778 5563', '54212541235', '400', 1, '2021-04-06 14:39:23', '2021-04-06 14:57:02'),
(25, 'Bhola Thorat', 'Shivaji Nagar Satpur Nashik Maharashtra Nashik', '880 579 3824', '54422511254', '200', 1, '2021-04-06 14:43:10', '2021-04-07 11:19:07'),
(26, 'Bhola Thorat', 'Nashik Maharashtra India', '930 778 5563', '54422511254', '200', 1, '2021-04-06 15:00:17', '2021-04-06 15:00:30'),
(27, 'Vishal Tuplondhe', 'Ashok Nagar Satpur Nashik Maharashtra India', '888 841 3071', '56412354123', '300', 1, '2021-04-06 15:02:11', '2021-04-07 11:19:17'),
(28, 'Pratiksha Patil', 'Nashik Toad Nashil Maharashtra India', '886 652 3211', '542351354874', '3,000', 1, '2021-04-06 17:18:30', '2021-04-07 11:19:27'),
(29, 'Mr Pratik', 'Nimani Panchavati Nashik Maharashtra India', '995 566 4422', '23133541321', '250', 0, '2021-04-06 17:32:23', '2021-04-06 17:32:23'),
(30, 'Pankaj Tripathi', 'Bihar India', '554 411 2233', '63214523545', '7,000', 0, '2021-04-07 11:18:25', '2021-04-07 11:18:25'),
(31, 'Vishal Tuplondhe', 'Ashok Nagar Satpur Nashik Maharashtra India', '930 778 563', '522112326545', '350', 0, '2021-04-07 11:21:09', '2021-04-07 11:21:09'),
(32, 'Sidhhath J', 'Mumbai Mahashtra India', '888 852 1245', '1245142514', '1,000', 0, '2021-04-07 15:26:49', '2021-04-07 15:26:49'),
(33, 'Kiran Rao', 'Nashik Maharashtra India', '888413071', '885522114477', '5,000', 0, '2021-04-07 20:29:43', '2021-04-07 20:29:43'),
(34, 'Bhola Thorat', 'Shivaji Nagar Satpur Nashik Maharashtra Nashik', '8888412121', '775544221155', '1,000', 0, '2021-04-08 18:20:14', '2021-04-08 18:20:14');

-- --------------------------------------------------------

--
-- Table structure for table `tbl_faq`
--

CREATE TABLE `tbl_faq` (
  `fld_fid` int(11) NOT NULL,
  `fld_question` varchar(255) NOT NULL,
  `fld_ans` text NOT NULL
) ENGINE=InnoDB DEFAULT CHARSET=latin1;

--
-- Dumping data for table `tbl_faq`
--

INSERT INTO `tbl_faq` (`fld_fid`, `fld_question`, `fld_ans`) VALUES
(3, 'Ho is your product?', 'Gud'),
(4, 'Do I have a warrantyy', 'Neque porro quisquam qui doid lorem ipsum quia dolor sit amet iconsec tetur adipisci velit. Primis prompta eam eu. Per quod apeirian te, tollit qualis que urbanitas ei qui. Id liber democritum his. Nam purto inani aliquam.');

-- --------------------------------------------------------

--
-- Table structure for table `tbl_feedback`
--

CREATE TABLE `tbl_feedback` (
  `fld_fid` int(11) NOT NULL,
  `fld_fname` varchar(255) NOT NULL,
  `fld_fmobile` bigint(20) NOT NULL,
  `fld_fdate` datetime NOT NULL DEFAULT current_timestamp(),
  `fld_fsubject` varchar(50) NOT NULL,
  `fld_description` text NOT NULL
) ENGINE=InnoDB DEFAULT CHARSET=latin1;

-- --------------------------------------------------------

--
-- Table structure for table `tbl_payment`
--

CREATE TABLE `tbl_payment` (
  `id` int(11) NOT NULL,
  `paydate` varchar(100) NOT NULL,
  `empid` varchar(200) NOT NULL,
  `empname` varchar(200) NOT NULL,
  `presentdays` varchar(100) NOT NULL,
  `totalpayment` varchar(100) NOT NULL,
  `date` timestamp(6) NOT NULL DEFAULT current_timestamp(6) ON UPDATE current_timestamp(6)
) ENGINE=InnoDB DEFAULT CHARSET=utf8mb4;

--
-- Dumping data for table `tbl_payment`
--

INSERT INTO `tbl_payment` (`id`, `paydate`, `empid`, `empname`, `presentdays`, `totalpayment`, `date`) VALUES
(1, '0000-00-00', '34', 'Bhola Thorat', '1', '1000', '2021-05-01 14:08:19.623589'),
(2, '2021-04-31', '34', 'Bhola Thorat', '1', '1000', '2021-05-01 14:09:09.169799'),
(3, '2021-04-31', '33', 'Kiran Rao', '1', '5000', '2021-05-01 14:09:42.072174'),
(4, '2021-05-31', '32', 'Sidhhath J', '1', '1000', '2021-05-01 14:13:38.219050'),
(5, '2021-05-31', '30', 'Pankaj Tripathi', '1', '7000', '2021-05-01 14:15:31.030641');

-- --------------------------------------------------------

--
-- Table structure for table `tbl_products`
--

CREATE TABLE `tbl_products` (
  `fld_product_id` int(11) NOT NULL,
  `fld_category_id` int(11) NOT NULL,
  `fld_product_image` varchar(50) NOT NULL,
  `fld_product_name` varchar(50) NOT NULL,
  `fld_product_description` varchar(50) NOT NULL,
  `fld_product_stock` varchar(50) NOT NULL,
  `fld_product_price` varchar(55) NOT NULL,
  `fld_product_delete` int(11) NOT NULL,
  `fld_product_created_date` datetime NOT NULL DEFAULT current_timestamp(),
  `fld_product_modified_date` datetime NOT NULL DEFAULT current_timestamp() ON UPDATE current_timestamp()
) ENGINE=InnoDB DEFAULT CHARSET=latin1;

--
-- Dumping data for table `tbl_products`
--

INSERT INTO `tbl_products` (`fld_product_id`, `fld_category_id`, `fld_product_image`, `fld_product_name`, `fld_product_description`, `fld_product_stock`, `fld_product_price`, `fld_product_delete`, `fld_product_created_date`, `fld_product_modified_date`) VALUES
(31, 17, '', 'vishu', 'Vishu', '', '', 0, '2021-04-07 13:32:26', '2021-04-07 13:32:26'),
(32, 15, '', 'kids cake', 'Kids Cake', '200', '500', 0, '2021-04-07 13:46:43', '2021-04-07 13:46:43'),
(33, 17, '', 'aata toast', 'Aata Toast', '230', '400', 0, '2021-04-07 13:47:24', '2021-04-07 13:47:24'),
(34, 16, '', 'Love Pestry', 'For All Type Age Persons', '500', '300', 0, '2021-04-07 13:50:45', '2021-04-07 13:50:45'),
(35, 16, '', 'Hello', 'Hi', '100', '300', 0, '2021-04-07 13:53:23', '2021-04-07 13:53:23'),
(36, 20, '', 'Life', 'How', '10000', '250', 0, '2021-04-07 20:31:14', '2021-04-07 20:31:14'),
(37, 21, '', 'Good', 'Testy', '320', '3200', 0, '2021-04-08 14:27:50', '2021-04-08 14:27:50'),
(38, 21, 'Screen Shot 2021-04-03 At 16.28.31.png', 'Raj', 'Good', '200', '100', 0, '2021-04-09 14:45:37', '2021-04-09 14:45:37'),
(39, 20, 'WhatsApp Image 2021-03-27 at 11.42.01 AM(1).jpeg', 'Array', 'Array', 'Array', 'Array', 0, '2021-04-09 14:54:39', '2021-04-09 14:54:39'),
(40, 21, 'W', 'Hi', 'Good', '1', '2', 0, '2021-04-09 14:55:40', '2021-04-09 14:55:40'),
(41, 21, '', 'fear', 'half', '200', '111', 0, '2021-04-09 15:09:35', '2021-04-09 15:09:35'),
(42, 21, '', 'loass', 'load', '25', '52', 0, '2021-04-09 15:09:58', '2021-04-09 15:09:58'),
(43, 21, '', 'hello', 'good', '12', '21', 0, '2021-04-09 15:16:00', '2021-04-09 15:16:00'),
(44, 21, '', 'goods', 'fer', '521', '2211', 0, '2021-04-09 15:19:01', '2021-04-09 15:19:01'),
(45, 21, 'W', '12', 'Sa', '52', '14', 0, '2021-04-09 15:20:38', '2021-04-09 15:20:38'),
(46, 21, 'A', 'Pro', 'Pro', '125', '124', 0, '2021-04-26 11:48:18', '2021-04-26 11:48:18');

-- --------------------------------------------------------

--
-- Table structure for table `user`
--

CREATE TABLE `user` (
  `u_id` int(11) NOT NULL,
  `User_name` varchar(50) NOT NULL,
  `User_email` varchar(50) NOT NULL,
  `User_mobile` varchar(100) NOT NULL,
  `User_password` varchar(100) NOT NULL,
  `repassword` varchar(100) NOT NULL
) ENGINE=InnoDB DEFAULT CHARSET=utf8mb4;

--
-- Dumping data for table `user`
--

INSERT INTO `user` (`u_id`, `User_name`, `User_email`, `User_mobile`, `User_password`, `repassword`) VALUES
(1, 'pratiksha', 'p@gmail.com', '9766385165', 'pratiksha', '');

--
-- Indexes for dumped tables
--

--
-- Indexes for table `admin`
--
ALTER TABLE `admin`
  ADD PRIMARY KEY (`id`);

--
-- Indexes for table `tbl_attendance`
--
ALTER TABLE `tbl_attendance`
  ADD PRIMARY KEY (`id`);

--
-- Indexes for table `tbl_category`
--
ALTER TABLE `tbl_category`
  ADD PRIMARY KEY (`fld_category_id`);

--
-- Indexes for table `tbl_employee`
--
ALTER TABLE `tbl_employee`
  ADD PRIMARY KEY (`fld_employee_id`);

--
-- Indexes for table `tbl_faq`
--
ALTER TABLE `tbl_faq`
  ADD PRIMARY KEY (`fld_fid`);

--
-- Indexes for table `tbl_feedback`
--
ALTER TABLE `tbl_feedback`
  ADD PRIMARY KEY (`fld_fid`);

--
-- Indexes for table `tbl_payment`
--
ALTER TABLE `tbl_payment`
  ADD PRIMARY KEY (`id`);

--
-- Indexes for table `tbl_products`
--
ALTER TABLE `tbl_products`
  ADD PRIMARY KEY (`fld_product_id`);

--
-- Indexes for table `user`
--
ALTER TABLE `user`
  ADD PRIMARY KEY (`u_id`);

--
-- AUTO_INCREMENT for dumped tables
--

--
-- AUTO_INCREMENT for table `admin`
--
ALTER TABLE `admin`
  MODIFY `id` int(11) NOT NULL AUTO_INCREMENT, AUTO_INCREMENT=238;

--
-- AUTO_INCREMENT for table `tbl_attendance`
--
ALTER TABLE `tbl_attendance`
  MODIFY `id` int(100) NOT NULL AUTO_INCREMENT, AUTO_INCREMENT=43;

--
-- AUTO_INCREMENT for table `tbl_category`
--
ALTER TABLE `tbl_category`
  MODIFY `fld_category_id` int(11) NOT NULL AUTO_INCREMENT, AUTO_INCREMENT=23;

--
-- AUTO_INCREMENT for table `tbl_employee`
--
ALTER TABLE `tbl_employee`
  MODIFY `fld_employee_id` int(11) NOT NULL AUTO_INCREMENT, AUTO_INCREMENT=35;

--
-- AUTO_INCREMENT for table `tbl_faq`
--
ALTER TABLE `tbl_faq`
  MODIFY `fld_fid` int(11) NOT NULL AUTO_INCREMENT, AUTO_INCREMENT=5;

--
-- AUTO_INCREMENT for table `tbl_feedback`
--
ALTER TABLE `tbl_feedback`
  MODIFY `fld_fid` int(11) NOT NULL AUTO_INCREMENT;

--
-- AUTO_INCREMENT for table `tbl_payment`
--
ALTER TABLE `tbl_payment`
  MODIFY `id` int(11) NOT NULL AUTO_INCREMENT, AUTO_INCREMENT=6;

--
-- AUTO_INCREMENT for table `tbl_products`
--
ALTER TABLE `tbl_products`
  MODIFY `fld_product_id` int(11) NOT NULL AUTO_INCREMENT, AUTO_INCREMENT=47;

--
-- AUTO_INCREMENT for table `user`
--
ALTER TABLE `user`
  MODIFY `u_id` int(11) NOT NULL AUTO_INCREMENT, AUTO_INCREMENT=2;
COMMIT;

/*!40101 SET CHARACTER_SET_CLIENT=@OLD_CHARACTER_SET_CLIENT */;
/*!40101 SET CHARACTER_SET_RESULTS=@OLD_CHARACTER_SET_RESULTS */;
/*!40101 SET COLLATION_CONNECTION=@OLD_COLLATION_CONNECTION */;
